Full_Plot_Number,Genotype,Chlorophyll,Treatment,Block,Row,Range
30101,PI533800,538.3,HN,3,37,1
30102,PI533972,505.8,HN,3,38,1
30103,PI533807,441,HN,3,39,1
30104,PI534009,565,HN,3,40,1
30106,PI576348,703.3,HN,3,42,1
30107,PI656003,545,HN,3,43,1
30108,PI534135,500.7,HN,3,44,1
30109,PI656061,598.6,HN,3,45,1
30110,PI656009,539,HN,3,46,1
30111,PI656006,547.9,HN,3,47,1
30113,PI533961,624.6,HN,3,49,1
30114,PI533792,695,HN,3,50,1
30115,PI534063,636.6,HN,3,51,1
30116,PI533939,462.4,HN,3,52,1
30117,PI576347,582.8,HN,3,53,1
30118,PI595702,442.7,HN,3,54,1
30119,PI534117,757,HN,3,55,1
30120,PI597961,479.4,HN,3,56,1
30121,PI656112,680.4,HN,3,57,1
30123,PI656038,425.7,HN,3,59,1
30124,PI656105,490.1,HN,3,60,1
30125,PI533762,645.1,HN,3,61,1
30126,PI533877,480,HN,3,62,1
30127,PI534088,556.3,HN,3,63,1
30128,PI534144,534.6,HN,3,64,1
30129,PI597951,514.9,HN,3,65,1
30130,PI655977,610.6,HN,3,66,1
30131,PI576385,498.3,HN,3,67,1
30132,PI642998,609.5,HN,3,68,1
30133,PI659696,498.4,HN,3,69,1
30135,PI656035,418.5,HN,3,71,1
30202,PI533814,475.4,HN,3,38,2
30203,PI533903,641.9,HN,3,39,2
30204,PI533863,481.1,HN,3,40,2
30205,PI656002,495.3,HN,3,41,2
30206,PI576349,558.4,HN,3,42,2
30207,PI576381,475.8,HN,3,43,2
30208,PI655996,,HN,3,44,2
30209,PI656117,554.1,HN,3,45,2
30210,PI656034,355.7,HN,3,46,2
30211,PI656007,517.9,HN,3,47,2
30212,PI656040,485.5,HN,3,48,2
30213,PI534097,547.7,HN,3,49,2
30214,PI329440,543.6,HN,3,50,2
30215,PI533913,521,HN,3,51,2
30216,PI533987,486.5,HN,3,52,2
30217,PI576366,611.6,HN,3,53,2
30218,PI534145,413.1,HN,3,54,2
30219,PI534116,672.9,HN,3,55,2
30220,PI597950,484.8,HN,3,56,2
30221,PI656047,438.4,HN,3,57,2
30222,PI656119,507.8,HN,3,58,2
30223,PI655985,546.3,HN,3,59,2
30224,PI656081,537.5,HN,3,60,2
30225,PI533985,471.7,HN,3,61,2
30226,PI533788,624.5,HN,3,62,2
30227,PI534104,453.3,HN,3,63,2
30228,PI533938,666.4,HN,3,64,2
30230,PI534167,481.1,HN,3,66,2
30231,PI597980,453.2,HN,3,67,2
30232,PI564163,515.3,HN,3,68,2
30233,PI655986,483.6,HN,3,69,2
30234,PI656103,622.7,HN,3,70,2
30235,PI656106,485.5,HN,3,71,2
30236,PI655994,394.4,HN,3,72,2
30301,PI533902,424.5,HN,3,37,3
30302,PI534114,565,HN,3,38,3
30303,PI533831,510.4,HN,3,39,3
30304,PI534021,455.2,HN,3,40,3
30305,PI576396,600.7,HN,3,41,3
30307,PI548797,494.2,HN,3,43,3
30308,PI564165,480.9,HN,3,44,3
30309,PI656039,480.2,HN,3,45,3
30310,PI656110,583.7,HN,3,46,3
30311,PI659694,421.1,HN,3,47,3
30312,PI656069,467.1,HN,3,48,3
30314,PI533996,545,HN,3,50,3
30315,PI533979,649.6,HN,3,51,3
30316,PI533936,555.3,HN,3,52,3
30317,PI534123,535,HN,3,53,3
30318,PI655987,546.2,HN,3,54,3
30319,PI597972,566.9,HN,3,55,3
30320,PI534099,601,HN,3,56,3
30321,PI656120,503.3,HN,3,57,3
30322,PI656101,566.5,HN,3,58,3
30324,PI656020,528.2,HN,3,60,3
30325,PI533876,660.3,HN,3,61,3
30326,PI533976,446.3,HN,3,62,3
30328,PI533937,730.1,HN,3,64,3
30329,PI597966,481,HN,3,65,3
30330,PI595744,529.8,HN,3,66,3
30331,PI655973,414.3,HN,3,67,3
30332,PI597946,511.6,HN,3,68,3
30333,PI655990,507,HN,3,69,3
30334,PI655992,636,HN,3,70,3
30335,PI552856,585.4,HN,3,71,3
30401,PI533962,383.1,HN,3,37,4
30402,PI534053,441,HN,3,38,4
30403,PI533924,684.5,HN,3,39,4
30405,PI576434,506.9,HN,3,41,4
30406,PI595740,382.8,HN,3,42,4
30407,PI595743,462.5,HN,3,43,4
30408,PI597949,415.2,HN,3,44,4
30409,PI656015,423.7,HN,3,45,4
30412,PI656070,443.7,HN,3,48,4
30413,PI533754,510,HN,3,49,4
30414,PI533766,462.9,HN,3,50,4
30415,PI533769,435,HN,3,51,4
30416,PI533940,502,HN,3,52,4
30417,PI576337,478.7,HN,3,53,4
30418,PI576399,579.7,HN,3,54,4
30419,PI576332,629.9,HN,3,55,4
30420,PI552861,680.9,HN,3,56,4
30421,PI656116,380.2,HN,3,57,4
30422,PI656087,652.7,HN,3,58,4
30423,PI656055,466.7,HN,3,59,4
30424,PI656098,453.1,HN,3,60,4
30425,PI534139,365.9,HN,3,61,4
30426,PI534079,365.4,HN,3,62,4
30427,PI533970,472.7,HN,3,63,4
30428,PI533752,456.9,HN,3,64,4
30430,PI655979,504.4,HN,3,66,4
30431,PI576437,455.2,HN,3,67,4
30432,PI642793,680.4,HN,3,68,4
30433,PI656033,443.8,HN,3,69,4
30434,PI656013,418.3,HN,3,70,4
30435,PI656102,444.5,HN,3,71,4
30501,PI534133,574,HN,3,37,5
30502,PI533980,423,HN,3,38,5
30503,PI533943,582.9,HN,3,39,5
30504,PI533965,526.7,HN,3,40,5
30505,PI655975,433.2,HN,3,41,5
30506,PI576340,499.5,HN,3,42,5
30507,PI585295,,HN,3,43,5
30508,PI629040,536.2,HN,3,44,5
30510,PI656053,453.9,HN,3,46,5
30511,PI656029,567.6,HN,3,47,5
30512,PI655988,644.6,HN,3,48,5
30514,PI534047,592.9,HN,3,50,5
30515,PI533785,439.6,HN,3,51,5
30516,PI534092,581.1,HN,3,52,5
30519,PI595741,469.3,HN,3,55,5
30520,PI641874,419.7,HN,3,56,5
30521,PI659693,698.1,HN,3,57,5
30522,PI656010,560.9,HN,3,58,5
30523,PI656121,763.2,HN,3,59,5
30524,PI656019,624.9,HN,3,60,5
30525,PI534137,581.2,HN,3,61,5
30527,PI152651,583.5,HN,3,63,5
30528,PI533871,458.4,HN,3,64,5
30529,PI597945,484.7,HN,3,65,5
30530,PI542718,471.3,HN,3,66,5
30531,PI613536,402.6,HN,3,67,5
30532,PI655974,545,HN,3,68,5
30533,PI656046,542.4,HN,3,69,5
30535,PI655981,437,HN,3,71,5
30536,PI566819,435.3,HN,3,72,5
30601,PI533839,381,HN,3,37,6
30602,PI533755,547.3,HN,3,38,6
30603,PI533843,563.9,HN,3,39,6
30604,PI533998,566.4,HN,3,40,6
30606,PI595699,512.2,HN,3,42,6
30607,PI576426,622.4,HN,3,43,6
30608,PI656004,,HN,3,44,6
30609,PI656016,697.1,HN,3,45,6
30610,PI656026,537.4,HN,3,46,6
30611,PI656091,516.1,HN,3,47,6
30612,PI656113,525.8,HN,3,48,6
30613,PI533957,596.8,HN,3,49,6
30614,PI534075,577.8,HN,3,50,6
30616,PI533833,463.4,HN,3,52,6
30617,PI595745,426.2,HN,3,53,6
30618,PI595718,548,HN,3,54,6
30619,PI655998,619.2,HN,3,55,6
30621,PI656025,421.3,HN,3,57,6
30622,PI656104,474.4,HN,3,58,6
30623,PI656109,748.8,HN,3,59,6
30624,PI655999,620.1,HN,3,60,6
30625,PI17548,423.6,HN,3,61,6
30626,PI534132,,HN,3,62,6
30627,PI533855,444.3,HN,3,63,6
30628,PI533794,414.8,HN,3,64,6
30629,PI576387,445.2,HN,3,65,6
30630,PI576393,600.1,HN,3,66,6
30631,PI641849,576.6,HN,3,67,6
30632,PI597976,662.3,HN,3,68,6
30633,PI656090,479.9,HN,3,69,6
30634,PI656114,655.2,HN,3,70,6
30635,PI656084,573.5,HN,3,71,6
30636,PI656043,472.6,HN,3,72,6
30701,PI533799,404.9,HN,3,37,7
30703,PI533882,638.4,HN,3,39,7
30704,PI561071,449.9,HN,3,40,7
30705,PI656036,299.3,HN,3,41,7
30706,PI656014,436,HN,3,42,7
30707,PI656024,433.8,HN,3,43,7
30708,PI656028,428.4,HN,3,44,7
30709,PI656086,607.4,HN,3,45,7
30710,Tx430,,HN,3,46,7
30711,PI656049,625,HN,3,47,7
30712,PI655984,575.2,HN,3,48,7
30713,PI533919,534.9,HN,3,49,7
30714,PI534155,615,HN,3,50,7
30715,PI533841,548,HN,3,51,7
30717,PI655997,379.3,HN,3,53,7
30718,PI655978,453.4,HN,3,54,7
30719,PI561072,664.7,HN,3,55,7
30721,PI655980,617.8,HN,3,57,7
30722,PI598070,479.4,HN,3,58,7
30724,PI656056,622.6,HN,3,60,7
30725,PI533759,406.6,HN,3,61,7
30726,PI533911,400.6,HN,3,62,7
30727,PI533760,,HN,3,63,7
30728,PI533750,632.4,HN,3,64,7
30729,PI597968,596.7,HN,3,65,7
30730,PI576425,588.3,HN,3,66,7
30731,PI597982,432.1,HN,3,67,7
30732,PI534115,487.6,HN,3,68,7
30733,PI656096,621.1,HN,3,69,7
30734,PI655982,529.6,HN,3,70,7
30735,PI655993,486.7,HN,3,71,7
30736,PI656022,413.4,HN,3,72,7
30801,PI533989,510,HN,3,37,8
30803,PI276837,452,HN,3,39,8
30804,PI533967,542.8,HN,3,40,8
30805,PI655995,399.9,HN,3,41,8
30808,PI576428,555.2,HN,3,44,8
30809,PI656048,539.4,HN,3,45,8
30811,PI656057,408.2,HN,3,47,8
30812,PI656107,490.8,HN,3,48,8
30813,PI533757,411.1,HN,3,49,8
30814,PI533901,415.8,HN,3,50,8
30815,PI533845,524.2,HN,3,51,8
30816,PI533821,603,HN,3,52,8
30817,PI576333,666.2,HN,3,53,8
30818,PI576373,407.5,HN,3,54,8
30819,PI642791,596,HN,3,55,8
30821,PI656075,530.9,HN,3,57,8
30822,PI656118,373,HN,3,58,8
30823,PI656058,530.4,HN,3,59,8
30824,PI656082,614.9,HN,3,60,8
30825,PI534037,339.7,HN,3,61,8
30826,PI533986,638.6,HN,3,62,8
30827,PI533915,534.8,HN,3,63,8
30828,PI533921,524.7,HN,3,64,8
30829,PI595714,573.2,HN,3,65,8
30830,PI597958,611,HN,3,66,8
30831,PI629034,391.7,HN,3,67,8
30832,PI576352,722.9,HN,3,68,8
30833,PI656108,734.1,HN,3,69,8
30834,PI656085,487.2,HN,3,70,8
30901,PI533824,396.8,HN,3,37,9
30902,PI565121,594.1,HN,3,38,9
30903,PI534028,559.5,HN,3,39,9
30904,PI24969,500.6,HN,3,40,9
30905,PI651496,423.1,HN,3,41,9
30906,PI656037,513.8,HN,3,42,9
30907,PI656042,476.4,HN,3,43,9
30908,PI642992,448.7,HN,3,44,9
30909,PI656111,427.4,HN,3,45,9
30910,PI656062,357.8,HN,3,46,9
30911,PI656076,433.5,HN,3,47,9
30913,PI534112,612.2,HN,3,49,9
30914,PI534128,513.5,HN,3,50,9
30915,PI533822,449.1,HN,3,51,9
30916,PI533761,560,HN,3,52,9
30917,PI576418,,HN,3,53,9
30918,PI655976,559.8,HN,3,54,9
30919,PI656011,370.7,HN,3,55,9
30920,PI607931,514.9,HN,3,56,9
30921,PI656093,410.4,HN,3,57,9
30923,PI656079,533.3,HN,3,59,9
30924,PI656031,482.3,HN,3,60,9
30925,PI533948,670.6,HN,3,61,9
30926,PI533758,519.9,HN,3,62,9
30927,PI533997,413.7,HN,3,63,9
30928,PI533954,527.4,HN,3,64,9
30929,PI597965,600.1,HN,3,65,9
30930,PI595720,701.1,HN,3,66,9
30931,PI534124,493.3,HN,3,67,9
30932,PI629059,551.1,HN,3,68,9
30933,PI655983,356.5,HN,3,69,9
30934,PI656115,361,HN,3,70,9
30935,PI656078,510.6,HN,3,71,9
30936,PI656052,433.5,HN,3,72,9
31001,PI561472,504.8,HN,3,37,10
31002,PI576359,321.7,HN,3,38,10
31003,PI576130,445.9,HN,3,39,10
31004,PI48770,507.7,HN,3,40,10
31005,PI595739,402.6,HN,3,41,10
31006,PI656023,470.1,HN,3,42,10
31008,PI597964,414.4,HN,3,44,10
31009,Tx430,537.9,HN,3,45,10
31010,PI656051,425.1,HN,3,46,10
31011,PI659753,495.4,HN,3,47,10
31012,PI585291,,HN,3,48,10
31013,PI534054,497.6,HN,3,49,10
31014,PI534096,502.6,HN,3,50,10
31015,PI533856,523,HN,3,51,10
31016,PI534148,,HN,3,52,10
31017,PI576422,565.1,HN,3,53,10
31018,PI576375,652,HN,3,54,10
31019,PI656001,510,HN,3,55,10
31020,PI576401,645.8,HN,3,56,10
31021,PI659691,276.4,HN,3,57,10
31022,PI656097,454.8,HN,3,58,10
31023,PI656071,393.7,HN,3,59,10
31025,PI533866,608.5,HN,3,61,10
31027,PI533910,471.6,HN,3,63,10
31028,PI533912,584.3,HN,3,64,10
31029,PI576394,629.2,HN,3,65,10
31032,PI576390,,HN,3,68,10
31033,PI656095,504.8,HN,3,69,10
31034,PI35038,362.3,HN,3,70,10
31035,PI656089,491.7,HN,3,71,10
31036,PI656094,426.8,HN,3,72,10
31101,PI576345,522.6,HN,3,37,11
31102,PI533789,531.1,HN,3,38,11
31103,PI576380,475.7,HN,3,39,11
31104,PI533927,496.4,HN,3,40,11
31105,PI656041,507,HN,3,41,11
31106,PI656044,535.9,HN,3,42,11
31107,PI601816,352.7,HN,3,43,11
31108,PI609456,441.5,HN,3,44,11
31109,PI656073,465.7,HN,3,45,11
31110,PI653617,334.9,HN,3,46,11
31111,PI656083,558.3,HN,3,47,11
31112,Tx430,,HN,3,48,11
31113,PI533842,431.9,HN,3,49,11
31114,PI534127,638.2,HN,3,50,11
31115,PI533964,530.7,HN,3,51,11
31116,PI533810,430.5,HN,3,52,11
31117,PI655972,477.2,HN,3,53,11
31118,PI561073,363.7,HN,3,54,11
31119,PI534163,334.4,HN,3,55,11
31120,PI576386,534.1,HN,3,56,11
31121,PI641836,467.1,HN,3,57,11
31122,PI656018,533.8,HN,3,58,11
31123,PI655989,481.7,HN,3,59,11
31124,PI659695,515.3,HN,3,60,11
31125,PI533776,430,HN,3,61,11
31127,PI533955,727.1,HN,3,63,11
31128,PI534070,470.1,HN,3,64,11
31129,PI534105,467.6,HN,3,65,11
31130,PI534101,399.2,HN,3,66,11
31131,PI534108,411.2,HN,3,67,11
31132,PI597971,419.6,HN,3,68,11
31133,PI656080,545.6,HN,3,69,11
31134,PI656000,691.1,HN,3,70,11
31135,PI656005,561.1,HN,3,71,11
31136,PI655971,519.3,HN,3,72,11
31202,PI533878,641.8,HN,3,38,12
31203,PI34911,406.6,HN,3,39,12
31204,PI574455,610.7,HN,3,40,12
31206,PI597960,398.1,HN,3,42,12
31207,PI655970,536,HN,3,43,12
31208,PI656008,372.3,HN,3,44,12
31209,PI656092,588.3,HN,3,45,12
31210,PI641824,436.9,HN,3,46,12
31211,PI656068,611.6,HN,3,47,12
31212,PI656099,398.9,HN,3,48,12
31214,PI534157,475.8,HN,3,50,12
31215,PI533869,515.3,HN,3,51,12
31216,PI533852,545.5,HN,3,52,12
31217,PI597973,552.4,HN,3,53,12
31218,PI656012,542.8,HN,3,54,12
31219,PI576376,618.7,HN,3,55,12
31220,PI564164,347.5,HN,3,56,12
31221,PI656072,562.4,HN,3,57,12
31224,PI656059,490.4,HN,3,60,12
31225,PI533830,665.2,HN,3,61,12
31226,PI533991,443.7,HN,3,62,12
31227,PI533838,,HN,3,63,12
31228,PI533949,430.5,HN,3,64,12
31229,PI576339,594.4,HN,3,65,12
31230,PI576364,463,HN,3,66,12
31231,PI597957,497.5,HN,3,67,12
31232,PI597952,649.8,HN,3,68,12
31233,PI656077,641.7,HN,3,69,12
31234,PI655991,645.4,HN,3,70,12
31236,PI656060,579.4,HN,3,72,12
20101,PI534021,438.4,HN,2,1,13
20102,PI533980,422.6,HN,2,2,13
20103,PI533839,336.4,HN,2,3,13
20104,PI533807,491.2,HN,2,4,13
20105,PI655975,394.4,HN,2,5,13
20106,PI576349,364.8,HN,2,6,13
20107,PI564165,451.8,HN,2,7,13
20108,PI656003,456.5,HN,2,8,13
20109,PI656113,513.9,HN,2,9,13
20110,PI656091,466,HN,2,10,13
20111,PI655988,693.3,HN,2,11,13
20112,PI656007,502.1,HN,2,12,13
20113,PI533927,397.5,HN,2,13,13
20114,PI574455,581,HN,2,14,13
20115,PI276837,455.8,HN,2,15,13
20116,PI576345,483.7,HN,2,16,13
20117,PI656041,428.8,HN,2,17,13
20118,PI656044,466.7,HN,2,18,13
20119,PI595739,417.3,HN,2,19,13
20120,PI656024,394.6,HN,2,20,13
20122,PI585291,464.8,HN,2,22,13
20123,PI656057,237.3,HN,2,23,13
20124,Tx430,,HN,2,24,13
20125,PI533949,383.9,HN,2,25,13
20126,PI533912,583.8,HN,2,26,13
20127,PI533866,474,HN,2,27,13
20128,PI534070,429.5,HN,2,28,13
20129,PI629059,440,HN,2,29,13
20130,PI576425,492.3,HN,2,30,13
20131,PI576339,463.3,HN,2,31,13
20132,PI597965,488.2,HN,2,32,13
20133,PI656022,264.6,HN,2,33,13
20134,PI656108,486.2,HN,2,34,13
20135,PI656060,590,HN,2,35,13
20136,PI656000,660.4,HN,2,36,13
20201,PI534009,404.3,HN,2,1,14
20202,PI533814,356.5,HN,2,2,14
20203,PI533924,591.8,HN,2,3,14
20204,PI533998,425.2,HN,2,4,14
20205,PI656004,413.7,HN,2,5,14
20206,PI576396,367.2,HN,2,6,14
20207,PI655996,,HN,2,7,14
20210,PI656070,357.3,HN,2,10,14
20211,PI656015,514.6,HN,2,11,14
20212,PI656069,430.7,HN,2,12,14
20213,PI561472,408.7,HN,2,13,14
20215,PI24969,446.7,HN,2,15,14
20216,PI48770,471.6,HN,2,16,14
20217,PI597964,436.9,HN,2,17,14
20219,PI609456,418.2,HN,2,19,14
20220,PI656008,394.2,HN,2,20,14
20222,PI656083,437.4,HN,2,22,14
20223,PI656062,351.5,HN,2,23,14
20224,PI656099,400.6,HN,2,24,14
20225,PI533758,481,HN,2,25,14
20226,PI533910,477.9,HN,2,26,14
20227,PI533915,512.6,HN,2,27,14
20229,PI534101,439.4,HN,2,29,14
20230,PI597952,517.6,HN,2,30,14
20232,PI595714,446,HN,2,32,14
20233,PI655993,332.2,HN,2,33,14
20236,PI35038,336.8,HN,2,36,14
20301,PI534053,315.6,HN,2,1,15
20302,PI533831,466.7,HN,2,2,15
20303,PI533972,456.7,HN,2,3,15
20304,PI534133,387.5,HN,2,4,15
20305,PI656002,559.2,HN,2,5,15
20307,PI597949,518.3,HN,2,7,15
20308,PI629040,378.5,HN,2,8,15
20310,PI656061,430.1,HN,2,10,15
20311,PI656006,383.9,HN,2,11,15
20312,PI656009,544.1,HN,2,12,15
20313,PI576380,401.6,HN,2,13,15
20314,PI533882,567.7,HN,2,14,15
20315,PI576130,401.9,HN,2,15,15
20316,PI576359,319,HN,2,16,15
20317,PI656028,395.5,HN,2,17,15
20318,PI656042,499.6,HN,2,18,15
20320,PI656037,397.4,HN,2,20,15
20321,PI655984,538.3,HN,2,21,15
20322,Tx430,433.5,HN,2,22,15
20323,Tx430,469.3,HN,2,23,15
20324,PI656068,536.6,HN,2,24,15
20325,PI534037,294.4,HN,2,25,15
20326,PI533921,465.8,HN,2,26,15
20328,PI533911,420.6,HN,2,28,15
20329,PI576364,445.1,HN,2,29,15
20330,PI534124,475.7,HN,2,30,15
20331,PI534105,566.5,HN,2,31,15
20332,PI629034,443.1,HN,2,32,15
20333,PI656089,514.9,HN,2,33,15
20334,PI655971,499.9,HN,2,34,15
20335,PI656085,503.6,HN,2,35,15
20336,PI656052,378.4,HN,2,36,15
20401,PI533755,439.4,HN,2,1,16
20402,PI533902,369.3,HN,2,2,16
20403,PI533903,524.9,HN,2,3,16
20404,PI533962,287.5,HN,2,4,16
20405,PI576434,357,HN,2,5,16
20406,PI534135,448.2,HN,2,6,16
20407,PI548797,445.3,HN,2,7,16
20408,PI576340,562.7,HN,2,8,16
20409,PI656040,449.1,HN,2,9,16
20410,PI656026,397.4,HN,2,10,16
20411,PI659694,448.7,HN,2,11,16
20412,PI656016,623.7,HN,2,12,16
20413,PI533878,584.3,HN,2,13,16
20414,PI533824,416.6,HN,2,14,16
20415,PI533967,401.8,HN,2,15,16
20416,PI533989,467,HN,2,16,16
20417,PI642992,348.9,HN,2,17,16
20418,PI656014,325.9,HN,2,18,16
20419,PI576428,508.1,HN,2,19,16
20420,PI651496,295.8,HN,2,20,16
20421,PI656076,386.3,HN,2,21,16
20422,PI656051,401.9,HN,2,22,16
20423,PI656073,440.1,HN,2,23,16
20424,PI656107,289.3,HN,2,24,16
20425,PI533991,405.5,HN,2,25,16
20426,PI533954,508.9,HN,2,26,16
20427,PI533986,525.9,HN,2,27,16
20428,PI533830,524.4,HN,2,28,16
20429,PI576394,417,HN,2,29,16
20430,PI597957,506.6,HN,2,30,16
20431,PI595720,569.4,HN,2,31,16
20432,PI597971,336.3,HN,2,32,16
20433,PI655982,554.5,HN,2,33,16
20434,PI656078,410.2,HN,2,34,16
20435,PI656005,425,HN,2,35,16
20436,PI655991,484.6,HN,2,36,16
20502,PI533943,484.8,HN,2,2,17
20503,PI533843,483.6,HN,2,3,17
20505,PI585295,471.2,HN,2,5,17
20506,PI576426,545.4,HN,2,6,17
20507,PI595740,373.3,HN,2,7,17
20508,PI595743,346.2,HN,2,8,17
20509,PI656039,378,HN,2,9,17
20510,PI656053,460.4,HN,2,10,17
20511,PI656110,440.2,HN,2,11,17
20512,PI656034,395.2,HN,2,12,17
20513,PI561071,376.5,HN,2,13,17
20514,PI34911,349.8,HN,2,14,17
20517,PI601816,294.6,HN,2,17,17
20518,PI656023,454.8,HN,2,18,17
20519,PI655970,479.9,HN,2,19,17
20521,PI656048,437.5,HN,2,21,17
20522,PI659753,481,HN,2,22,17
20523,PI656086,,HN,2,23,17
20524,PI656049,408.7,HN,2,24,17
20525,PI533750,422.9,HN,2,25,17
20526,PI533997,495.7,HN,2,26,17
20527,PI533948,631.4,HN,2,27,17
20528,PI533760,,HN,2,28,17
20529,PI597968,463.7,HN,2,29,17
20531,PI576352,579.5,HN,2,31,17
20532,PI576390,586.9,HN,2,32,17
20533,PI656077,493.5,HN,2,33,17
20534,PI656096,514.6,HN,2,34,17
20535,PI656115,332.9,HN,2,35,17
20536,PI656095,480.4,HN,2,36,17
20601,PI533965,435.4,HN,2,1,18
20602,PI533800,507.8,HN,2,2,18
20603,PI534114,430.4,HN,2,3,18
20604,PI533863,476.6,HN,2,4,18
20605,PI595699,399.6,HN,2,5,18
20606,PI576348,601.4,HN,2,6,18
20607,PI576381,518,HN,2,7,18
20611,PI656117,555.5,HN,2,11,18
20612,PI656029,543.6,HN,2,12,18
20613,PI533799,386.3,HN,2,13,18
20614,PI565121,616.9,HN,2,14,18
20615,PI534028,549.3,HN,2,15,18
20616,PI533789,380,HN,2,16,18
20617,PI655995,362,HN,2,17,18
20618,PI656036,321,HN,2,18,18
20620,PI597960,336.5,HN,2,20,18
20621,PI656111,426.8,HN,2,21,18
20622,PI653617,277.3,HN,2,22,18
20623,PI641824,358.5,HN,2,23,18
20624,PI656092,617.4,HN,2,24,18
20625,PI533955,560,HN,2,25,18
20626,PI533838,629.4,HN,2,26,18
20627,PI533759,383.2,HN,2,27,18
20628,PI533776,360,HN,2,28,18
20629,PI534108,345.9,HN,2,29,18
20630,PI597958,351.3,HN,2,30,18
20631,PI597982,429.4,HN,2,31,18
20632,PI534115,346.2,HN,2,32,18
20633,PI656080,403.4,HN,2,33,18
20635,PI655983,361.8,HN,2,35,18
20636,PI656094,409.8,HN,2,36,18
20701,PI534079,329,HN,2,1,19
20702,PI533877,412.4,HN,2,2,19
20703,PI534144,431.7,HN,2,3,19
20704,PI534139,330.8,HN,2,4,19
20705,PI597945,404.9,HN,2,5,19
20706,PI542718,504,HN,2,6,19
20709,PI656103,453.5,HN,2,9,19
20710,PI656013,337.1,HN,2,10,19
20711,PI656033,372.7,HN,2,11,19
20712,PI655992,565.6,HN,2,12,19
20714,PI533845,361.2,HN,2,14,19
20715,PI533852,483.6,HN,2,15,19
20716,PI533822,321.8,HN,2,16,19
20717,PI576418,,HN,2,17,19
20718,PI564164,338.7,HN,2,18,19
20719,PI576373,387.6,HN,2,19,19
20720,PI655978,426.1,HN,2,20,19
20722,PI656082,623.2,HN,2,22,19
20724,PI656018,555.8,HN,2,24,19
20725,PI533957,581.6,HN,2,25,19
20726,PI533833,560.5,HN,2,26,19
20727,PI533940,347.1,HN,2,27,19
20728,PI533996,494.9,HN,2,28,19
20729,PI595745,333.8,HN,2,29,19
20731,PI655987,531.4,HN,2,31,19
20732,PI534116,622.3,HN,2,32,19
20733,PI656121,621.1,HN,2,33,19
20734,PI656109,697,HN,2,34,19
20735,PI656116,369.4,HN,2,35,19
20736,PI656087,494.9,HN,2,36,19
20801,PI534137,431.3,HN,2,1,20
20802,PI533762,,HN,2,2,20
20803,PI534104,410.2,HN,2,3,20
20804,PI533788,647.2,HN,2,4,20
20805,PI595744,452.4,HN,2,5,20
20806,PI655974,510,HN,2,6,20
20807,PI597980,325.8,HN,2,7,20
20808,PI597951,554.4,HN,2,8,20
20809,PI655994,363.6,HN,2,9,20
20811,PI656090,399.9,HN,2,11,20
20812,PI656035,283,HN,2,12,20
20813,PI533919,566.2,HN,2,13,20
20814,PI533856,534.8,HN,2,14,20
20815,PI533757,411.7,HN,2,15,20
20816,PI534128,437.5,HN,2,16,20
20817,PI576422,671.5,HN,2,17,20
20818,PI534163,385.5,HN,2,18,20
20819,PI655997,314.2,HN,2,19,20
20820,PI576386,483.3,HN,2,20,20
20822,PI656058,578.2,HN,2,22,20
20823,PI641836,403.9,HN,2,23,20
20825,PI534092,378.4,HN,2,25,20
20826,PI533987,473.9,HN,2,26,20
20827,PI533766,484.3,HN,2,27,20
20828,PI533939,395,HN,2,28,20
20829,PI576399,380.7,HN,2,29,20
20830,PI576366,551.1,HN,2,30,20
20831,PI576347,423.1,HN,2,31,20
20832,PI576337,352.1,HN,2,32,20
20833,PI656055,569.2,HN,2,33,20
20834,PI656025,621.2,HN,2,34,20
20835,PI655999,603.8,HN,2,35,20
20836,PI656020,535.4,HN,2,36,20
20901,PI533985,438.4,HN,2,1,21
20902,PI17548,472,HN,2,2,21
20903,PI152651,461.8,HN,2,3,21
20904,PI533855,604.4,HN,2,4,21
20905,PI576385,498.7,HN,2,5,21
20906,PI655979,291.2,HN,2,6,21
20907,PI641849,540,HN,2,7,21
20908,PI597946,557,HN,2,8,21
20909,PI656106,316.6,HN,2,9,21
20911,PI655990,449.4,HN,2,11,21
20912,PI566819,316.4,HN,2,12,21
20913,PI533842,460.8,HN,2,13,21
20914,PI533964,425.6,HN,2,14,21
20915,PI534112,470.7,HN,2,15,21
20916,PI534127,486.2,HN,2,16,21
20917,PI576375,613.7,HN,2,17,21
20918,PI656011,309,HN,2,18,21
20919,PI607931,368.8,HN,2,19,21
20920,PI561072,592.8,HN,2,20,21
20921,PI656059,515.9,HN,2,21,21
20922,PI659695,430.3,HN,2,22,21
20923,PI656097,378.8,HN,2,23,21
20924,PI656079,447.1,HN,2,24,21
20925,PI533754,445.7,HN,2,25,21
20927,PI533792,559.2,HN,2,27,21
20928,PI534047,630.8,HN,2,28,21
20930,PI641874,452.9,HN,2,30,21
20931,PI595741,431.6,HN,2,31,21
20932,PI595702,440.6,HN,2,32,21
20933,PI656010,438.4,HN,2,33,21
20935,PI656104,354.2,HN,2,35,21
20936,PI656047,359.5,HN,2,36,21
21001,PI533871,466.3,HN,2,1,22
21003,PI534088,536.1,HN,2,3,22
21004,PI533970,374.2,HN,2,4,22
21005,PI576393,472.5,HN,2,5,22
21006,PI655977,500.7,HN,2,6,22
21007,PI642793,698.4,HN,2,7,22
21008,PI564163,431.2,HN,2,8,22
21011,PI656043,404.5,HN,2,11,22
21012,PI655981,324.6,HN,2,12,22
21013,PI533869,459.1,HN,2,13,22
21014,PI534157,465.5,HN,2,14,22
21015,PI533821,537.2,HN,2,15,22
21016,PI534148,548.8,HN,2,16,22
21019,PI656001,438.3,HN,2,19,22
21020,PI576376,670.2,HN,2,20,22
21021,PI656118,382.9,HN,2,21,22
21022,PI598070,334.8,HN,2,22,22
21023,PI656056,547.8,HN,2,23,22
21024,PI659691,273,HN,2,24,22
21025,PI533979,582.7,HN,2,25,22
21026,PI533961,578.3,HN,2,26,22
21028,PI533769,391.3,HN,2,28,22
21029,PI595718,446.4,HN,2,29,22
21031,PI534099,444.1,HN,2,31,22
21032,PI655998,537.6,HN,2,32,22
21033,PI656098,363.7,HN,2,33,22
21034,PI656105,403.3,HN,2,34,22
21035,PI656081,511.9,HN,2,35,22
21036,PI655985,513.4,HN,2,36,22
21101,PI533937,710,HN,2,1,23
21103,PI533938,507.7,HN,2,3,23
21104,PI533976,374,HN,2,4,23
21105,PI613536,349.4,HN,2,5,23
21106,PI597966,375.3,HN,2,6,23
21107,PI576387,373.6,HN,2,7,23
21108,PI642998,325.8,HN,2,8,23
21109,PI659696,543.8,HN,2,9,23
21110,PI552856,474.4,HN,2,10,23
21112,PI656046,369.2,HN,2,12,23
21113,PI533810,467,HN,2,13,23
21114,PI534054,526.2,HN,2,14,23
21116,PI533761,481.7,HN,2,16,23
21117,PI576401,,HN,2,17,23
21118,PI655976,516.3,HN,2,18,23
21119,PI597973,489.6,HN,2,19,23
21120,PI655972,385.5,HN,2,20,23
21122,PI656071,316.4,HN,2,22,23
21123,PI656093,280.4,HN,2,23,23
21124,PI656031,395.9,HN,2,24,23
21126,PI533936,582.4,HN,2,26,23
21127,PI329440,522.1,HN,2,27,23
21128,PI534075,471.3,HN,2,28,23
21129,PI534117,677.7,HN,2,29,23
21130,PI597961,,HN,2,30,23
21131,PI597950,298.4,HN,2,31,23
21132,PI534123,569.7,HN,2,32,23
21133,PI656101,526,HN,2,33,23
21135,PI656120,502.1,HN,2,35,23
21136,PI656119,462.9,HN,2,36,23
21201,PI533752,385.8,HN,2,1,24
21202,PI533794,476.9,HN,2,2,24
21203,PI533876,632.5,HN,2,3,24
21204,PI534132,515.3,HN,2,4,24
21205,PI655973,331.8,HN,2,5,24
21206,PI534167,299.7,HN,2,6,24
21207,PI597976,635.5,HN,2,7,24
21208,PI576437,555.9,HN,2,8,24
21209,PI655986,498.8,HN,2,9,24
21210,PI656102,338.4,HN,2,10,24
21211,PI656084,570.6,HN,2,11,24
21212,PI656114,482.5,HN,2,12,24
21213,PI533841,555.2,HN,2,13,24
21214,PI533901,475.5,HN,2,14,24
21215,PI534155,655.8,HN,2,15,24
21216,PI534096,477,HN,2,16,24
21217,PI561073,312.9,HN,2,17,24
21218,PI642791,508.1,HN,2,18,24
21219,PI576333,605,HN,2,19,24
21220,PI656012,476.5,HN,2,20,24
21221,PI656072,623.5,HN,2,21,24
21222,PI655980,300.2,HN,2,22,24
21223,PI656075,575.5,HN,2,23,24
21224,PI655989,549.4,HN,2,24,24
21225,PI533785,450.1,HN,2,25,24
21226,PI534097,459.2,HN,2,26,24
21227,PI533913,371.5,HN,2,27,24
21228,PI534063,486,HN,2,28,24
21229,PI576332,629.4,HN,2,29,24
21230,PI534145,464.2,HN,2,30,24
21231,PI552861,599.5,HN,2,31,24
21232,PI597972,514.4,HN,2,32,24
21233,PI656112,717.4,HN,2,33,24
21234,PI656019,530,HN,2,34,24
21235,PI659693,693.4,HN,2,35,24
21236,PI656038,344.9,HN,2,36,24
10101,PI533919,567.2,LN,1,1,1
10102,PI533761,395.4,LN,1,2,1
10103,PI534096,292.4,LN,1,3,1
10104,PI533964,484.6,LN,1,4,1
10105,PI576422,562.7,LN,1,5,1
10106,PI534163,393.4,LN,1,6,1
10107,PI576418,,LN,1,7,1
10108,PI564164,323.8,LN,1,8,1
10109,PI641836,388.9,LN,1,9,1
10111,PI656056,452.2,LN,1,11,1
10112,PI655989,540.6,LN,1,12,1
10113,PI533936,419.2,LN,1,13,1
10114,PI533996,473.8,LN,1,14,1
10115,PI533987,384.1,LN,1,15,1
10116,PI533769,391.8,LN,1,16,1
10118,PI595741,380.4,LN,1,18,1
10119,PI552861,545.1,LN,1,19,1
10120,PI534123,578.8,LN,1,20,1
10121,PI656116,366.1,LN,1,21,1
10122,PI656109,665.9,LN,1,22,1
10123,PI659693,567.7,LN,1,23,1
10124,PI656098,504.7,LN,1,24,1
10125,PI533839,395.9,LN,1,25,1
10126,PI533965,523.5,LN,1,26,1
10127,PI533903,508.9,LN,1,27,1
10128,PI534114,496.5,LN,1,28,1
10129,PI655996,,LN,1,29,1
10130,PI576434,425.5,LN,1,30,1
10131,PI585295,458.8,LN,1,31,1
10132,PI576381,439.2,LN,1,32,1
10134,PI656015,467.6,LN,1,34,1
10135,PI656091,523.2,LN,1,35,1
10136,PI656053,355.1,LN,1,36,1
10201,PI534128,471.6,LN,1,1,2
10202,PI533822,354.9,LN,1,2,2
10203,PI533841,505.1,LN,1,3,2
10204,PI533856,445.5,LN,1,4,2
10205,PI576386,499.5,LN,1,5,2
10206,PI576375,508.4,LN,1,6,2
10208,PI576333,635.1,LN,1,8,2
10209,PI656079,353.5,LN,1,9,2
10211,PI656072,436.7,LN,1,11,2
10212,PI656118,387.4,LN,1,12,2
10214,PI533957,504,LN,1,14,2
10215,PI533754,535.6,LN,1,15,2
10217,PI597950,340.6,LN,1,17,2
10218,PI534099,496.9,LN,1,18,2
10219,PI597972,388.7,LN,1,19,2
10220,PI576332,536.9,LN,1,20,2
10221,PI655999,403.8,LN,1,21,2
10223,PI656104,445.2,LN,1,23,2
10224,PI656025,382.7,LN,1,24,2
10225,PI533843,578.7,LN,1,25,2
10226,PI533943,534.2,LN,1,26,2
10228,PI533924,647.9,LN,1,28,2
10229,PI656004,458.2,LN,1,29,2
10231,PI629040,415.4,LN,1,31,2
10232,PI576396,520.9,LN,1,32,2
10233,PI656029,427.8,LN,1,33,2
10235,PI656039,369.9,LN,1,35,2
10236,PI656007,459.8,LN,1,36,2
10301,PI534157,456.3,LN,1,1,3
10302,PI533842,400.8,LN,1,2,3
10303,PI533757,355.4,LN,1,3,3
10304,PI534112,317.9,LN,1,4,3
10305,PI561073,341.3,LN,1,5,3
10306,PI642791,540.2,LN,1,6,3
10307,PI576373,357,LN,1,7,3
10308,PI656001,532.6,LN,1,8,3
10309,PI655980,,LN,1,9,3
10310,PI656071,312.2,LN,1,10,3
10312,PI656031,400.1,LN,1,12,3
10313,PI533940,530.8,LN,1,13,3
10314,PI533766,369.3,LN,1,14,3
10315,PI534075,500.7,LN,1,15,3
10316,PI533939,396.4,LN,1,16,3
10317,PI576347,527.8,LN,1,17,3
10319,PI597961,453.9,LN,1,19,3
10321,PI656019,474.6,LN,1,21,3
10322,PI656101,529.7,LN,1,22,3
10323,PI656081,515.3,LN,1,23,3
10324,PI656112,762.2,LN,1,24,3
10325,PI534053,380,LN,1,25,3
10326,PI533998,455.8,LN,1,26,3
10327,PI533902,333.3,LN,1,27,3
10328,PI533962,334.4,LN,1,28,3
10329,PI597949,509.3,LN,1,29,3
10330,PI548797,417.1,LN,1,30,3
10331,PI595740,371.7,LN,1,31,3
10332,PI656003,474.6,LN,1,32,3
10333,PI659694,456.2,LN,1,33,3
10334,PI656009,543.2,LN,1,34,3
10335,PI656040,,LN,1,35,3
10336,PI656061,407.4,LN,1,36,3
10401,PI534127,538,LN,1,1,4
10403,PI534054,420,LN,1,3,4
10404,PI533852,387.5,LN,1,4,4
10405,PI597973,404.7,LN,1,5,4
10406,PI655972,392.7,LN,1,6,4
10407,PI576401,543.2,LN,1,7,4
10408,PI607931,402.5,LN,1,8,4
10409,PI656058,516,LN,1,9,4
10410,PI656082,549.9,LN,1,10,4
10411,PI656075,443.1,LN,1,11,4
10412,PI659695,372.9,LN,1,12,4
10413,PI533833,394,LN,1,13,4
10414,PI534047,696.7,LN,1,14,4
10415,PI329440,402.8,LN,1,15,4
10416,PI533979,472.3,LN,1,16,4
10417,PI595745,438.4,LN,1,17,4
10418,PI576399,410.9,LN,1,18,4
10419,PI534117,560.4,LN,1,19,4
10420,PI576337,366.9,LN,1,20,4
10421,PI656120,418.1,LN,1,21,4
10422,PI656020,487,LN,1,22,4
10423,PI656105,362.9,LN,1,23,4
10424,PI656038,326,LN,1,24,4
10425,PI534009,367.6,LN,1,25,4
10426,PI533863,384.1,LN,1,26,4
10427,PI533755,463.7,LN,1,27,4
10428,PI533831,371.2,LN,1,28,4
10429,PI595699,475,LN,1,29,4
10430,PI656002,436.5,LN,1,30,4
10431,PI564165,398,LN,1,31,4
10432,PI655975,371.4,LN,1,32,4
10433,PI655988,630.3,LN,1,33,4
10435,PI656006,390.5,LN,1,35,4
10501,PI533845,467.2,LN,1,1,5
10503,PI533869,374.9,LN,1,3,5
10504,PI533901,263.7,LN,1,4,5
10505,PI655976,335.8,LN,1,5,5
10506,PI656012,453.1,LN,1,6,5
10507,PI655978,393.7,LN,1,7,5
10508,PI561072,519.8,LN,1,8,5
10509,PI656093,420.3,LN,1,9,5
10511,PI656059,410.3,LN,1,11,5
10512,PI656018,493,LN,1,12,5
10514,PI534063,653.7,LN,1,14,5
10515,PI534097,388.4,LN,1,15,5
10516,PI533913,247.4,LN,1,16,5
10517,PI655998,462.2,LN,1,17,5
10518,PI534145,391.2,LN,1,18,5
10519,PI641874,342.2,LN,1,19,5
10520,PI595718,549.6,LN,1,20,5
10521,PI655985,449.4,LN,1,21,5
10522,PI656119,380.6,LN,1,22,5
10523,PI656121,520.9,LN,1,23,5
10524,PI656010,510.8,LN,1,24,5
10526,PI533980,433.2,LN,1,26,5
10527,PI533972,427.7,LN,1,27,5
10528,PI534021,345.3,LN,1,28,5
10529,PI576349,476.5,LN,1,29,5
10530,PI576348,569.4,LN,1,30,5
10531,PI595743,372.6,LN,1,31,5
10533,PI656117,409.4,LN,1,33,5
10534,PI656034,376.1,LN,1,34,5
10535,PI656069,386.7,LN,1,35,5
10536,PI656016,574.5,LN,1,36,5
10601,PI534148,619.4,LN,1,1,6
10602,PI533810,374.6,LN,1,2,6
10603,PI534155,412.6,LN,1,3,6
10604,PI533821,508.3,LN,1,4,6
10606,PI576376,545,LN,1,6,6
10607,PI655997,299.7,LN,1,7,6
10608,PI656011,298.4,LN,1,8,6
10609,PI659691,276.4,LN,1,9,6
10610,PI656097,413.2,LN,1,10,6
10612,PI598070,,LN,1,12,6
10613,PI533792,479.3,LN,1,13,6
10614,PI533785,326.5,LN,1,14,6
10615,PI533961,516.5,LN,1,15,6
10616,PI534092,472.4,LN,1,16,6
10617,PI595702,374.9,LN,1,17,6
10618,PI576366,503.6,LN,1,18,6
10619,PI534116,551,LN,1,19,6
10620,PI655987,401.2,LN,1,20,6
10622,PI656087,360.6,LN,1,22,6
10623,PI656047,385,LN,1,23,6
10624,PI656055,414.6,LN,1,24,6
10625,PI534133,358.2,LN,1,25,6
10626,PI533814,378.1,LN,1,26,6
10627,PI533807,307.6,LN,1,27,6
10628,PI533800,432.4,LN,1,28,6
10629,PI576426,492.2,LN,1,29,6
10631,PI576340,533.8,LN,1,31,6
10632,PI534135,463.4,LN,1,32,6
10633,PI656070,337.6,LN,1,33,6
10634,PI656026,463.3,LN,1,34,6
10635,PI656110,334.1,LN,1,35,6
10636,PI656113,451.2,LN,1,36,6
10701,PI533878,484.8,LN,1,1,7
10702,PI576380,404.5,LN,1,2,7
10703,PI576345,484,LN,1,3,7
10704,PI534028,479.7,LN,1,4,7
10705,PI597960,324.1,LN,1,5,7
10706,PI656041,450.1,LN,1,6,7
10707,PI656028,366.8,LN,1,7,7
10708,PI656042,550.3,LN,1,8,7
10709,PI656068,526.2,LN,1,9,7
10710,PI656062,334.6,LN,1,10,7
10712,PI656107,322.6,LN,1,12,7
10713,PI533776,493.1,LN,1,13,7
10714,PI533750,559.9,LN,1,14,7
10715,PI533997,425.2,LN,1,15,7
10716,PI533986,,LN,1,16,7
10717,PI595720,512.2,LN,1,17,7
10718,PI576394,517.1,LN,1,18,7
10719,PI576339,551.9,LN,1,19,7
10720,PI576425,499.7,LN,1,20,7
10721,PI656022,315.8,LN,1,21,7
10722,PI656000,559.5,LN,1,22,7
10723,PI655991,405.7,LN,1,23,7
10724,PI655982,398.1,LN,1,24,7
10725,PI534139,362.8,LN,1,25,7
10726,PI533985,339.8,LN,1,26,7
10727,PI533855,437.2,LN,1,27,7
10728,PI533752,389.2,LN,1,28,7
10731,PI564163,528.2,LN,1,31,7
10732,PI597951,432,LN,1,32,7
10733,PI655994,463.5,LN,1,33,7
10734,PI655981,369.7,LN,1,34,7
10736,PI656106,387.9,LN,1,36,7
10801,PI576130,352.7,LN,1,1,8
10802,PI34911,322.5,LN,1,2,8
10803,PI533967,397.4,LN,1,3,8
10804,PI276837,419.9,LN,1,4,8
10805,PI642992,356.9,LN,1,5,8
10806,PI655995,373.7,LN,1,6,8
10807,PI576428,503,LN,1,7,8
10808,PI601816,384.6,LN,1,8,8
10809,PI656083,417,LN,1,9,8
10810,PI656092,418.8,LN,1,10,8
10811,PI656051,348.5,LN,1,11,8
10812,PI656099,351,LN,1,12,8
10813,PI533838,605.2,LN,1,13,8
10814,PI534070,413.1,LN,1,14,8
10815,PI533954,357.2,LN,1,15,8
10816,PI533911,301.9,LN,1,16,8
10817,PI629034,343.3,LN,1,17,8
10818,PI576364,352.2,LN,1,18,8
10819,PI597957,368.2,LN,1,19,8
10820,PI595714,421.2,LN,1,20,8
10821,PI656108,555.8,LN,1,21,8
10822,PI655983,297,LN,1,22,8
10824,PI656052,360.3,LN,1,24,8
10825,PI533876,499.4,LN,1,25,8
10826,PI17548,320.8,LN,1,26,8
10827,PI534137,428.8,LN,1,27,8
10828,PI534132,422.6,LN,1,28,8
10829,PI542718,466.3,LN,1,29,8
10830,PI655974,407.6,LN,1,30,8
10831,PI597945,,LN,1,31,8
10832,PI655979,277.2,LN,1,32,8
10833,PI656114,502.1,LN,1,33,8
10834,PI656103,525.1,LN,1,34,8
10835,PI656035,242.6,LN,1,35,8
10836,PI656013,309.2,LN,1,36,8
10902,PI48770,459.9,LN,1,2,9
10903,PI533789,453.2,LN,1,3,9
10904,PI533989,461.4,LN,1,4,9
10905,PI595739,345.7,LN,1,5,9
10906,PI656023,426.7,LN,1,6,9
10907,PI651496,326.6,LN,1,7,9
10909,PI656076,382.1,LN,1,9,9
10910,PI656073,446.8,LN,1,10,9
10911,Tx430,,LN,1,11,9
10912,PI656048,,LN,1,12,9
10913,PI533949,494.7,LN,1,13,9
10914,PI533866,351.2,LN,1,14,9
10915,PI533991,417.7,LN,1,15,9
10917,PI534105,391.5,LN,1,17,9
10918,PI576352,634.3,LN,1,18,9
10919,PI534108,394.1,LN,1,19,9
10920,PI597952,475.7,LN,1,20,9
10921,PI656005,433.3,LN,1,21,9
10922,PI656096,508.1,LN,1,22,9
10923,PI656095,421.6,LN,1,23,9
10924,PI656085,371.4,LN,1,24,9
10925,PI533794,388.4,LN,1,25,9
10927,PI533976,391.3,LN,1,27,9
10928,PI533788,557.5,LN,1,28,9
10929,PI576393,402.6,LN,1,29,9
10930,PI595744,372.2,LN,1,30,9
10931,PI613536,390.3,LN,1,31,9
10932,PI642998,446,LN,1,32,9
10933,PI656090,399.7,LN,1,33,9
10934,PI656102,295.5,LN,1,34,9
10935,PI656033,358.5,LN,1,35,9
10936,PI656046,451.6,LN,1,36,9
11002,PI533927,428.3,LN,1,2,10
11003,PI533824,436.9,LN,1,3,10
11004,PI574455,392.1,LN,1,4,10
11005,PI656014,356.3,LN,1,5,10
11006,PI656024,357.9,LN,1,6,10
11007,PI597964,481.4,LN,1,7,10
11008,PI656008,296,LN,1,8,10
11009,PI656111,405.1,LN,1,9,10
11010,PI655984,532.4,LN,1,10,10
11011,PI653617,334.4,LN,1,11,10
11012,PI656049,431,LN,1,12,10
11013,PI533948,532.6,LN,1,13,10
11014,PI533915,271.3,LN,1,14,10
11015,PI534037,242.5,LN,1,15,10
11016,PI533830,454.9,LN,1,16,10
11017,PI597968,589.5,LN,1,17,10
11019,PI597965,415.3,LN,1,19,10
11020,PI629059,486.2,LN,1,20,10
11021,PI656094,310.3,LN,1,21,10
11023,PI655993,490.9,LN,1,23,10
11025,PI534079,406.6,LN,1,25,10
11026,PI533970,422.7,LN,1,26,10
11027,PI534104,432.4,LN,1,27,10
11028,PI533877,461.4,LN,1,28,10
11029,PI576437,534.1,LN,1,29,10
11030,PI597946,561.9,LN,1,30,10
11031,PI655973,312.7,LN,1,31,10
11032,PI641849,589.9,LN,1,32,10
11034,PI655990,377.9,LN,1,34,10
11102,PI533799,401.2,LN,1,2,11
11103,PI533882,633,LN,1,3,11
11104,PI24969,380.6,LN,1,4,11
11105,PI655970,484.8,LN,1,5,11
11106,PI609456,374,LN,1,6,11
11107,PI656036,358.5,LN,1,7,11
11108,PI656037,250.7,LN,1,8,11
11109,PI585291,425.3,LN,1,9,11
11111,PI641824,348.7,LN,1,11,11
11112,Tx430,,LN,1,12,11
11113,PI533912,466.9,LN,1,13,11
11114,PI533759,308,LN,1,14,11
11115,PI533758,397.3,LN,1,15,11
11116,PI533921,,LN,1,16,11
11118,PI597971,422.7,LN,1,18,11
11119,PI597982,375.3,LN,1,19,11
11120,PI576390,616.8,LN,1,20,11
11121,PI655971,465.9,LN,1,21,11
11122,PI656077,487.2,LN,1,22,11
11123,PI35038,332,LN,1,23,11
11124,PI656060,489.7,LN,1,24,11
11125,PI152651,376.5,LN,1,25,11
11126,PI533871,467.8,LN,1,26,11
11127,PI533937,594.8,LN,1,27,11
11128,PI533938,,LN,1,28,11
11129,PI597966,350.7,LN,1,29,11
11130,PI655977,518.5,LN,1,30,11
11131,PI534167,421.5,LN,1,31,11
11132,PI597980,341,LN,1,32,11
11133,PI656043,346,LN,1,33,11
11134,PI552856,503.5,LN,1,34,11
11135,PI659696,457.4,LN,1,35,11
11136,PI655986,389.2,LN,1,36,11
11201,PI561472,420,LN,1,1,12
11202,PI565121,553.8,LN,1,2,12
11203,PI576359,365.2,LN,1,3,12
11204,PI561071,269.3,LN,1,4,12
11207,PI656044,477.2,LN,1,7,12
11209,PI656057,323.8,LN,1,9,12
11210,Tx430,411.6,LN,1,10,12
11211,PI656086,499.1,LN,1,11,12
11212,PI659753,500.2,LN,1,12,12
11213,PI533910,347.8,LN,1,13,12
11214,PI533955,583.7,LN,1,14,12
11215,PI533760,,LN,1,15,12
11217,PI534115,408.4,LN,1,17,12
11218,PI597958,368.3,LN,1,18,12
11219,PI534101,347.5,LN,1,19,12
11220,PI534124,371.4,LN,1,20,12
11221,PI656078,428.9,LN,1,21,12
11222,PI656080,359.4,LN,1,22,12
11223,PI656089,462.4,LN,1,23,12
11224,PI656115,266.3,LN,1,24,12
11225,PI533762,539.4,LN,1,25,12
11227,PI534144,486.3,LN,1,27,12
11228,PI534088,333,LN,1,28,12
11229,PI576385,489.7,LN,1,29,12
11230,PI642793,544.6,LN,1,30,12
11231,PI576387,479.8,LN,1,31,12
11232,PI597976,411.8,LN,1,32,12
11233,PI566819,286.5,LN,1,33,12
11234,PI656084,401.5,LN,1,34,12
11236,PI655992,432.5,LN,1,36,12
40101,PI533822,419.9,LN,4,37,13
40102,PI533856,627.2,LN,4,38,13
40103,PI533821,526.6,LN,4,39,13
40104,PI533964,572.4,LN,4,40,13
40105,PI655978,533.4,LN,4,41,13
40106,PI576333,678.8,LN,4,42,13
40107,PI656001,,LN,4,43,13
40108,PI561072,,LN,4,44,13
40109,PI659691,504.3,LN,4,45,13
40111,PI641836,419.7,LN,4,46,13
40112,PI656058,549.4,LN,4,48,13
40113,PI533776,426.4,LN,4,49,13
40115,PI533921,395.6,LN,4,51,13
40116,PI533911,424.5,LN,4,52,13
40117,PI576425,510.6,LN,4,53,13
40118,PI595720,556.8,LN,4,54,13
40119,PI534105,421.3,LN,4,55,13
40120,PI534115,440.1,LN,4,56,13
40121,PI35038,375.8,LN,4,57,13
40123,PI656095,487,LN,4,59,13
40124,PI656022,435.3,LN,4,60,13
40125,PI533967,469.6,LN,4,61,13
40126,PI533878,602.3,LN,4,62,13
40127,PI565121,535.3,LN,4,63,13
40128,PI576130,439.6,LN,4,64,13
40129,PI651496,392.1,LN,4,65,13
40130,PI656041,538.3,LN,4,66,13
40132,PI655970,530,LN,4,68,13
40133,PI585291,,LN,4,69,13
40134,PI656073,419.4,LN,4,70,13
40135,PI656049,443.7,LN,4,71,13
40136,PI659753,522,LN,4,72,13
40201,PI533841,646.1,LN,4,37,14
40202,PI534127,574,LN,4,38,14
40203,PI534112,611.8,LN,4,39,14
40204,PI534128,539,LN,4,40,14
40205,PI576418,,LN,4,41,14
40206,PI655976,566.6,LN,4,42,14
40207,PI655997,351.6,LN,4,43,14
40208,PI576401,566.4,LN,4,44,14
40209,PI656118,436.8,LN,4,45,14
40210,PI656097,496.1,LN,4,46,14
40212,PI656031,506.2,LN,4,48,14
40213,PI533912,639.7,LN,4,49,14
40214,PI533955,690.2,LN,4,50,14
40215,PI533759,358.9,LN,4,51,14
40216,PI533991,438.8,LN,4,52,14
40217,PI597965,542.3,LN,4,53,14
40218,PI576364,402.1,LN,4,54,14
40219,PI576352,629,LN,4,55,14
40220,PI597952,556.5,LN,4,56,14
40222,PI656096,621,LN,4,58,14
40223,PI655983,415.1,LN,4,59,14
40224,PI655991,552.2,LN,4,60,14
40226,PI533927,428.6,LN,4,62,14
40227,PI24969,251.8,LN,4,63,14
40228,PI576345,300.2,LN,4,64,14
40229,PI655995,497.6,LN,4,65,14
40230,PI656042,238.9,LN,4,66,14
40232,PI642992,275.8,LN,4,68,14
40233,PI656111,465.5,LN,4,69,14
40234,PI656086,540.5,LN,4,70,14
40236,PI656092,558.2,LN,4,72,14
40301,PI533842,449.2,LN,4,37,15
40302,PI533869,467.1,LN,4,38,15
40303,PI534096,514.4,LN,4,39,15
40306,PI655972,518,LN,4,42,15
40307,PI576422,555.8,LN,4,43,15
40308,PI576386,516.9,LN,4,44,15
40309,PI655980,,LN,4,45,15
40311,PI656056,639.8,LN,4,47,15
40312,PI598070,438.7,LN,4,48,15
40313,PI533915,458.5,LN,4,49,15
40314,PI533997,486.3,LN,4,50,15
40315,PI533750,626.3,LN,4,51,15
40317,PI629059,502.8,LN,4,53,15
40318,PI597982,473.3,LN,4,54,15
40319,PI534108,537.4,LN,4,55,15
40320,PI629034,,LN,4,56,15
40321,PI655993,413.6,LN,4,57,15
40322,PI656052,484,LN,4,58,15
40323,PI656078,542,LN,4,59,15
40324,PI655971,659.2,LN,4,60,15
40325,PI533824,405,LN,4,61,15
40326,PI276837,464.4,LN,4,62,15
40327,PI533799,397.7,LN,4,63,15
40328,PI48770,541.7,LN,4,64,15
40329,PI595739,411,LN,4,65,15
40330,PI609456,501.7,LN,4,66,15
40331,PI656008,,LN,4,67,15
40332,PI601816,434.8,LN,4,68,15
40333,Tx430,553,LN,4,69,15
40334,PI656048,491.6,LN,4,70,15
40335,PI656107,330.9,LN,4,71,15
40336,PI656057,350.7,LN,4,72,15
40401,PI533757,378.4,LN,4,37,16
40402,PI533919,581,LN,4,38,16
40403,PI533852,603.7,LN,4,39,16
40404,PI534157,604.7,LN,4,40,16
40405,PI642791,552.9,LN,4,41,16
40406,PI597973,649.5,LN,4,42,16
40407,PI656012,575,LN,4,43,16
40408,PI561073,365.7,LN,4,44,16
40409,PI656071,354.2,LN,4,45,16
40411,PI656082,647.1,LN,4,47,16
40413,PI533954,488.6,LN,4,49,16
40414,PI533830,592.9,LN,4,50,16
40415,PI533838,691.7,LN,4,51,16
40416,PI533949,485.1,LN,4,52,16
40417,PI534101,436.2,LN,4,53,16
40418,PI534124,538,LN,4,54,16
40420,PI597971,640.2,LN,4,56,16
40421,PI656005,486.1,LN,4,57,16
40422,PI656000,749.3,LN,4,58,16
40423,PI656094,444.8,LN,4,59,16
40424,PI656085,431.8,LN,4,60,16
40425,PI533882,687.2,LN,4,61,16
40426,PI576359,391,LN,4,62,16
40427,PI533789,481,LN,4,63,16
40428,PI574455,,LN,4,64,16
40430,PI656037,459.5,LN,4,66,16
40432,PI656014,,LN,4,68,16
40433,PI656062,386.7,LN,4,69,16
40434,PI656099,365.4,LN,4,70,16
40435,PI653617,392.5,LN,4,71,16
40436,PI656051,533.2,LN,4,72,16
40501,PI533810,466.3,LN,4,37,17
40503,PI534054,503.6,LN,4,39,17
40504,PI533845,632.8,LN,4,40,17
40506,PI656011,447.9,LN,4,42,17
40507,PI576373,450.8,LN,4,43,17
40508,PI564164,,LN,4,44,17
40509,PI656093,560.5,LN,4,45,17
40510,PI656018,478,LN,4,46,17
40511,PI655989,547.2,LN,4,47,17
40512,PI656079,449,LN,4,48,17
40513,PI533758,580.8,LN,4,49,17
40514,PI533760,,LN,4,50,17
40515,PI533910,521.7,LN,4,51,17
40516,PI533986,438.4,LN,4,52,17
40517,PI597968,,LN,4,53,17
40519,PI597957,518.7,LN,4,55,17
40520,PI597958,495.4,LN,4,56,17
40521,PI656108,548.9,LN,4,57,17
40523,PI656080,498,LN,4,59,17
40524,PI656089,523.3,LN,4,60,17
40525,PI576380,527,LN,4,61,17
40526,PI533989,472.1,LN,4,62,17
40527,PI561472,498.7,LN,4,63,17
40528,PI34911,400.2,LN,4,64,17
40529,PI656024,428.9,LN,4,65,17
40530,PI576428,608.8,LN,4,66,17
40531,PI656036,415.4,LN,4,67,17
40532,PI656023,578.6,LN,4,68,17
40533,Tx430,634.3,LN,4,69,17
40534,PI655984,585.9,LN,4,70,17
40536,PI656068,676.8,LN,4,72,17
40601,PI533761,542.4,LN,4,37,18
40602,PI534148,689.8,LN,4,38,18
40603,PI534155,617.3,LN,4,39,18
40604,PI533901,459.9,LN,4,40,18
40605,PI534163,506.2,LN,4,41,18
40606,PI576376,676.8,LN,4,42,18
40607,PI607931,441.5,LN,4,43,18
40608,PI576375,680.9,LN,4,44,18
40609,PI656072,560.5,LN,4,45,18
40610,PI656075,437.1,LN,4,46,18
40611,PI656059,597.8,LN,4,47,18
40612,PI659695,640.9,LN,4,48,18
40613,PI534070,740.2,LN,4,49,18
40614,PI533866,656.3,LN,4,50,18
40615,PI534037,401.1,LN,4,51,18
40616,PI533948,734.7,LN,4,52,18
40617,PI576390,661.8,LN,4,53,18
40618,PI595714,614.5,LN,4,54,18
40619,PI576394,530.9,LN,4,55,18
40620,PI576339,733.3,LN,4,56,18
40621,PI656060,550.8,LN,4,57,18
40622,PI655982,,LN,4,58,18
40623,PI656115,478,LN,4,59,18
40624,PI656077,710.9,LN,4,60,18
40625,PI561071,479.5,LN,4,61,18
40628,PI534028,599.2,LN,4,64,18
40629,PI656044,513.8,LN,4,65,18
40630,PI656028,465.9,LN,4,66,18
40631,PI597964,502.9,LN,4,67,18
40632,PI597960,499.2,LN,4,68,18
40633,PI656083,527,LN,4,69,18
40634,PI656076,497.6,LN,4,70,18
40635,Tx430,524.7,LN,4,71,18
40636,PI641824,443.5,LN,4,72,18
40701,PI533754,540.2,LN,4,37,19
40702,PI534097,565,LN,4,38,19
40703,PI533913,252.4,LN,4,39,19
40704,PI533769,451.1,LN,4,40,19
40705,PI576332,662.4,LN,4,41,19
40707,PI534116,535.4,LN,4,43,19
40708,PI597961,,LN,4,44,19
40709,PI655985,548.4,LN,4,45,19
40710,PI656025,458.1,LN,4,46,19
40712,PI656116,422.6,LN,4,48,19
40713,PI533980,370.2,LN,4,49,19
40714,PI533814,561.5,LN,4,50,19
40715,PI533843,592.8,LN,4,51,19
40717,PI597949,,LN,4,53,19
40718,PI576396,613,LN,4,54,19
40719,PI656004,540.3,LN,4,55,19
40721,PI656015,575.2,LN,4,57,19
40722,PI656069,510.6,LN,4,58,19
40723,PI656034,493.5,LN,4,59,19
40725,PI533970,388.3,LN,4,61,19
40726,PI534104,442.3,LN,4,62,19
40727,PI533877,637.9,LN,4,63,19
40729,PI576385,480.6,LN,4,65,19
40730,PI576393,602.1,LN,4,66,19
40731,PI597951,466.1,LN,4,67,19
40732,PI597980,544.3,LN,4,68,19
40733,PI656103,610,LN,4,69,19
40734,PI656033,470.2,LN,4,70,19
40736,PI656013,479.2,LN,4,72,19
40801,PI534047,718.3,LN,4,37,20
40803,PI533785,440.3,LN,4,39,20
40804,PI533957,670.7,LN,4,40,20
40805,PI552861,521.6,LN,4,41,20
40806,PI576366,705,LN,4,42,20
40807,PI534099,685.3,LN,4,43,20
40808,PI576337,525.5,LN,4,44,20
40809,PI659693,717.2,LN,4,45,20
40810,PI656010,576.1,LN,4,46,20
40811,PI656038,437.4,LN,4,47,20
40812,PI656112,637.9,LN,4,48,20
40813,PI533962,349.1,LN,4,49,20
40814,PI533972,476.7,LN,4,50,20
40815,PI533755,548.1,LN,4,51,20
40816,PI533965,565.8,LN,4,52,20
40817,PI629040,484.7,LN,4,53,20
40818,PI576426,536.8,LN,4,54,20
40819,PI656003,629.8,LN,4,55,20
40821,PI656006,490.3,LN,4,57,20
40822,PI656117,560.9,LN,4,58,20
40823,PI656039,410.3,LN,4,59,20
40824,PI656070,410.2,LN,4,60,20
40825,PI533762,586.2,LN,4,61,20
40826,PI533855,505.9,LN,4,62,20
40827,PI152651,524,LN,4,63,20
40828,PI17548,417.7,LN,4,64,20
40829,PI576387,448.5,LN,4,65,20
40832,PI564163,588.7,LN,4,68,20
40833,PI552856,,LN,4,69,20
40835,PI656102,389.3,LN,4,71,20
40836,PI655986,357,LN,4,72,20
40901,PI533939,442.2,LN,4,37,21
40902,PI534075,589.4,LN,4,38,21
40903,PI533792,661.1,LN,4,39,21
40904,PI533766,452,LN,4,40,21
40905,PI534117,694,LN,4,41,21
40906,PI595702,493.8,LN,4,42,21
40907,PI576399,413.9,LN,4,43,21
40908,PI595718,490.4,LN,4,44,21
40909,PI656105,422,LN,4,45,21
40910,PI656121,546.2,LN,4,46,21
40912,PI656104,568.8,LN,4,48,21
40913,PI534053,,LN,4,49,21
40914,PI534009,390.9,LN,4,50,21
40915,PI533998,450.1,LN,4,51,21
40917,PI655975,360.5,LN,4,53,21
40918,PI595740,407,LN,4,54,21
40919,PI534135,409.3,LN,4,55,21
40920,PI548797,407.7,LN,4,56,21
40921,PI656091,383.3,LN,4,57,21
40922,PI656026,523.8,LN,4,58,21
40923,PI656113,447.1,LN,4,59,21
40924,PI659694,409,LN,4,60,21
40925,PI533788,607,LN,4,61,21
40926,PI533871,532,LN,4,62,21
40928,PI533938,534.5,LN,4,64,21
40929,PI597945,478.4,LN,4,65,21
40930,PI576437,488.9,LN,4,66,21
40931,PI542718,456.4,LN,4,67,21
40932,PI642998,522.9,LN,4,68,21
40933,PI656043,405.2,LN,4,69,21
40934,PI656114,570,LN,4,70,21
41001,PI533987,523.6,LN,4,37,22
41002,PI533940,464.4,LN,4,38,22
41003,PI533936,514.1,LN,4,39,22
41004,PI534063,665.1,LN,4,40,22
41005,PI655998,620.3,LN,4,41,22
41006,PI576347,481,LN,4,42,22
41007,PI597972,455,LN,4,43,22
41008,PI534145,442.6,LN,4,44,22
41009,PI656020,499.1,LN,4,45,22
41010,PI656087,556,LN,4,46,22
41011,PI656101,554.5,LN,4,47,22
41012,PI656098,400.1,LN,4,48,22
41013,PI534021,365.2,LN,4,49,22
41014,PI534114,468.2,LN,4,50,22
41015,PI533839,337.1,LN,4,51,22
41016,PI534133,,LN,4,52,22
41017,PI576381,420.9,LN,4,53,22
41018,PI576348,605.4,LN,4,54,22
41020,PI585295,454.2,LN,4,56,22
41021,PI656040,532.1,LN,4,57,22
41023,PI656053,433.8,LN,4,59,22
41024,PI656016,592.9,LN,4,60,22
41025,PI533876,425.7,LN,4,61,22
41026,PI533752,520.4,LN,4,62,22
41027,PI533937,324.8,LN,4,63,22
41028,PI534079,,LN,4,64,22
41029,PI655979,434.9,LN,4,65,22
41030,PI597946,485.5,LN,4,66,22
41031,PI655977,462.5,LN,4,67,22
41032,PI655974,519.8,LN,4,68,22
41033,PI655992,368.1,LN,4,69,22
41034,PI566819,449.6,LN,4,70,22
41035,PI655994,470.6,LN,4,71,22
41036,PI655990,542.4,LN,4,72,22
41102,PI329440,543.2,LN,4,38,23
41104,PI533833,527,LN,4,40,23
41106,PI595741,423.9,LN,4,42,23
41107,PI597950,389.4,LN,4,43,23
41108,PI641874,444.6,LN,4,44,23
41109,PI656120,446.7,LN,4,45,23
41110,PI656081,362,LN,4,46,23
41111,PI656047,337.5,LN,4,47,23
41112,PI656055,,LN,4,48,23
41113,PI533943,388.3,LN,4,49,23
41114,PI533807,,LN,4,50,23
41115,PI533831,378.3,LN,4,51,23
41116,PI533902,,LN,4,52,23
41117,PI655996,420.4,LN,4,53,23
41118,PI576434,380.4,LN,4,54,23
41119,PI564165,383.5,LN,4,55,23
41120,PI656002,445.5,LN,4,56,23
41121,PI656061,414.3,LN,4,57,23
41122,PI656110,451.5,LN,4,58,23
41123,PI656007,528.3,LN,4,59,23
41124,PI655988,426.1,LN,4,60,23
41125,PI533794,,LN,4,61,23
41126,PI534132,316,LN,4,62,23
41127,PI534139,436.3,LN,4,63,23
41128,PI533985,424.5,LN,4,64,23
41129,PI613536,324.3,LN,4,65,23
41130,PI534167,438.3,LN,4,66,23
41131,PI597976,486.8,LN,4,67,23
41132,PI642793,539.1,LN,4,68,23
41133,PI656090,323.9,LN,4,69,23
41134,PI656035,357.9,LN,4,70,23
41135,PI655981,334,LN,4,71,23
41136,PI656046,486.3,LN,4,72,23
41201,PI533996,449.1,LN,4,37,24
41202,PI533979,493.1,LN,4,38,24
41203,PI533961,,LN,4,39,24
41204,PI534092,341.4,LN,4,40,24
41205,PI595745,426.8,LN,4,41,24
41207,PI655987,313.8,LN,4,43,24
41208,PI534123,447.8,LN,4,44,24
41209,PI655999,494.8,LN,4,45,24
41210,PI656119,381.2,LN,4,46,24
41211,PI656019,473.9,LN,4,47,24
41212,PI656109,,LN,4,48,24
41213,PI533800,,LN,4,49,24
41214,PI533903,469.3,LN,4,50,24
41215,PI533924,,LN,4,51,24
41216,PI533863,376.9,LN,4,52,24
41217,PI576340,518.1,LN,4,53,24
41218,PI576349,426.6,LN,4,54,24
41219,PI595699,392.8,LN,4,55,24
41220,PI595743,352.7,LN,4,56,24
41221,PI656029,438.4,LN,4,57,24
41224,PI656009,438.9,LN,4,60,24
41225,PI533976,450.9,LN,4,61,24
41226,PI534144,383.5,LN,4,62,24
41227,PI534137,454.7,LN,4,63,24
41228,PI534088,,LN,4,64,24
41229,PI595744,,LN,4,65,24
41230,PI655973,399.1,LN,4,66,24
41231,PI597966,364.6,LN,4,67,24
41232,PI641849,639.8,LN,4,68,24
41233,PI659696,507.8,LN,4,69,24
41235,PI656084,513.4,LN,4,71,24
41236,PI656106,418.5,LN,4,72,24